refname,qcut,rank,count,offset,seq
HIV1-CON-XX-Consensus-seed,15,0,1,855,TGTACAAGACCCAATAACAATACAAGAAAAGGTCTACATATGGGACCANGGAAAGTATTTTATACAACAG---ATATAATAGGAAATATAAGACAGGCACATTGT
HIV1-CON-XX-Consensus-seed,15,1,1,855,TGCATAAGACGTNNNAATAATACNAGAAGANNTGTAAGGATAGGACCAGGACAAGCATTCTTTACAACAGGACAAATAATAGGAGACATAAGAAGAGCACATTGT
HIV1-CON-XX-Consensus-seed,15,2,1,855,TGTATAAGACCCANCAACAATACAAGAAGAAGTATACGCATAGGACCAGGGAGCACATTTTATACAACAGAA---ATAATAGGAGATATAAGGAGAGCATATTGT
HIV1-CON-XX-Consensus-seed,15,3,1,855,TGTATAAGACCCAACAACAATACAAGAAGAAGTATACGCATAGGACCAGGGAGCACATTTTATACAACAGAA---ATAATAGGAGATATAAGNAAAGCACATTGT
HIV1-CON-XX-Consensus-seed,15,4,1,855,TGTATAAGACCCANCAANAATACAAGAAGAAGTATANNCATAGGACCAGGGAGCACATTTTATNCAACAGAA---ATAATANNAGNNANAAGNANAGAATAATAT
HIV1-CON-XX-Consensus-seed,15,5,1,855,TGTATAAGACCCNACAACAATACAATAANAAGTATACGCATAGGACCAGGGAGAACATTTTATACAACAGAA---ATAATAGGAGANATNAGGNAANCACATTGT
HIV1-CON-XX-Consensus-seed,15,6,1,855,TGTATAAGACCCAGCAACAATACAAGAAGAAGTATACGCATAGGACCAGGGAGCACATTTTATACAACAGAA---ATAATAGGAGATATAAGGAGAGCATATTGT
HIV1-CON-XX-Consensus-seed,15,7,1,855,TGTACAAGACCCAATAACAATACAAGAAAAGGTCTACATATGGGACCAGGAGATGCAGTGTATACAACAG---ATATAATAGGAAATATAAGACAGGCACATTGT
HIV1-CON-XX-Consensus-seed,15,8,1,855,TGTACAAGACCCAATAACAATACAAGAAAAGGTNTACATATNGGACCAGGAGATGCAGTGTANACAACAG---ANATAATAGGAAATATAAGACAGGCACATTGT
HIV1-CON-XX-Consensus-seed,15,9,1,855,TGTACAAGACCCAATAACAATACAAGAAAAGNTCTACATATGGGACCAGGAGATGCAGTGTATACAACAG---ATATAATAGGAAATATAAGACAGGCACATTGT
HIV1-CON-XX-Consensus-seed,15,10,1,855,TGTATAAGACCCAGCAACAATACAAGAAGAAGTATACGCATAGGACCAGGGAGCACATTTTATGCAACATGANA-ATAATAGGAGATATAAGNCAAGAGCATTAT
HIV1-CON-XX-Consensus-seed,15,11,1,855,TGTACCAGNCNNAACAACAATACAAGAAGAAGTATGCATCTAGGACCAGGAAGAACATTCTATGCACACGGTGACATAATAGGGGATATAAGACAGGCACATTGT
HIV1-CON-XX-Consensus-seed,15,12,1,855,TGTATAAGACCCAGCAACAATACAAGAAGAAGTATACGCATAGGACCAGGGAGCACATTTTATACAACAGAA---ATAATAGGAGATATAAGGAGAGCATATTGT
HIV1-CON-XX-Consensus-seed,15,13,1,855,TGTATAAGACCCAGCAACAATACAAGAAGAAGTATACGCATAGGACCAGGGAGCACATTTTATACAACAGAA---ATAATAGGAGATATAAGGAGAGCATATTGT
HIV1-CON-XX-Consensus-seed,15,14,1,855,TGCATAAGACCTGGAAATAATACAAGAAANAGTGTAAGGATAGGACCAGGACAAACATTCTTTACAACAGGACAAATAATAGGAGACATAAGAAGAGCACATTGT
HIV1-CON-XX-Consensus-seed,15,15,1,855,TGCATAAGACCTNGNAATAATACAAGNAAANGN-TNAGGATAGGACCAGGANANACATTCTTTACAACAGGACAAATAATAGGAGACATAAGAAGAGCACATTGT
HIV1-CON-XX-Consensus-seed,15,16,1,855,TGCATAAGACCTGGAAATAATACAAGAAANAGTGTAAGGATAGGACCAGGACAAACATTCTTTACAACAGGACAAATAATAGGAGACATAAGAAGAGCACATTGT
HIV1-CON-XX-Consensus-seed,15,17,1,855,TGCATAAGACCTGGAAATAATACAAGAAAANGTGTAAGGATAGGACCAGGACAAACATTCTTTACAACAGGACAAATAATAGGAGACATAAGAAGAGCACATTGT
HIV1-CON-XX-Consensus-seed,15,18,2,855,TGCATAAGACCTGGAAATAATACAAGAAANAGTGTAAGGATAGGACCAGGACAAACATTCTTTACAACAGGACAAATAATAGGAGACATAAGAAGAGCACATTGT
HIV1-CON-XX-Consensus-seed,15,19,1,855,TGCATAAGACCTGGNAATAATACAAGAAANAGTGTAAGGATATNACCAGGNCAAACATTCTTTANAACAGTACAAATAATAGGAGACATAAGAAGAGCANACTGT
HIV1-CON-XX-Consensus-seed,15,20,1,855,TGCATAAGACCTGGAAATAATACAAGAA-AAGTGTAAGGATAGGACCAGGACAAACATTCTTTACAACAGGACAAATAATAGGAGACATAAGAAGAGCACATTGT
HIV1-CON-XX-Consensus-seed,15,21,1,855,TGCATAAGACCTGGAAATAATACAAGAACAAGTGTAAGGATAGGACCAGGACAAACATTCTTTACAACAGGACAAATAATAGGAGACATAAGAAGAGCACATTGT
HIV1-CON-XX-Consensus-seed,15,22,2,855,TGCATAAGACCTGGAAATAATACAAGAAGAAGTGTAAGGATAGGACCAGGACAAACATTCTTTACAACAGGACAAATAATAGGAGACATAAGAAGAGCACATTGT
HIV1-CON-XX-Consensus-seed,15,23,1,855,TGCATAAGACCTGGAAATAATACAAGAANAAGTGTAAGGATAGGACCAGGACAAACACTCTTTACAACAGGACAAATAATAGGAGACATAAGAAGAGCACATTGT
HIV1-CON-XX-Consensus-seed,15,24,2,855,TGCATAAGACCTGGAAATAATACAAGAANAAGTGTAAGGATAGGACCAGGACAAACATTCTTTACAACAGGACAAATAATAGGAGACATAAGAAGAGCACATTGT
HIV1-CON-XX-Consensus-seed,15,25,1,855,TGCATAAGACCTGGAAATAATACAAGAANAAGTGTAAGGATAGGACCAGGANAAACATTCTTTACAACAGGGCAAATAATAGGAGACATAAGAAGAGCACATTGT
HIV1-CON-XX-Consensus-seed,15,26,1,855,TGCATAAGACCTGGAAATAATACAAGAATAAGTGTAAGGATAGGACCAGGACAAACATTCTTTACAACAGGACAAATAATAGGAGACATAAGAAGAGCACATTGT
HIV1-CON-XX-Consensus-seed,15,27,1,855,TGCATAAGACCTGGAAATAATACAAGACAAAGTGTAAGGATAGAACCAGGACAAACATTCTTTACAACAGGACAAATAATAGGAGACATAAGAAGAGCACATTGT
HIV1-CON-XX-Consensus-seed,15,28,4,855,TGCATAAGACCTGGAAATAATACAAGANAAAGTGTAAGGATAGGACCAGGACAAACATTCTTTACAACAGGACAAATAATAGGAGACATAAGAAGAGCACATTGT
HIV1-CON-XX-Consensus-seed,15,29,1,855,TGCATAAGACCTGGAAATAATACAAGANAAAGTGTAAGGATAGGACCNGGACANNCATTCTTTACAACAGGACAAATAATAGGAGACATAAGAANAGCACATTGT
HIV1-CON-XX-Consensus-seed,15,30,1,855,TGCATAAGACCTGGAAATAATACAAGATAAAGTGTAAGGATAGGACCAGGACAAACATTCTTTACAACAGGACAAATAATAGGAGACATAAGAAGAGCACATTGT
HIV1-CON-XX-Consensus-seed,15,31,1,855,TGTCTAAGACCCAACAACAATACAAGAAANAGTATACGCATAGGACCAGGGAGCACATTTTATACAACAGAA---ATAATAGGAGATATAAGGGAAGCACATTGT
HIV1-CON-XX-Consensus-seed,15,32,1,855,TGTATAAGACCCAACAACAATACAAGAAAAAGTATACGCATAGGACCAGGGAGCACATTTTATACAACAGAA---ACAATAGGAGATATAAGGAGAGCATATTGT
HIV1-CON-XX-Consensus-seed,15,33,2,855,TGCATAAGACCTGGAAATAATACAAGAAGAAGTGTAAGGATAGGACCAGGACAAACATTCTTTACAACAGGACAAATAATAGGAGACATAAGAAGAGCACATTGT
HIV1-CON-XX-Consensus-seed,15,34,1,855,TGCATAAGACCTGGAAATAATACAAGAAGAAGTGTAAGGATAGGACCAGGACAAACATTCTTTACAACAGGACAAATAATAGGAGACATAAGAAGAGCACATTGT
HIV1-CON-XX-Consensus-seed,15,35,1,855,TGCATAAGACCTGGAAATAATACAAGAAGAAGTGTAAGGATAGGACCAAGACAAACATTCTTTACAACAGGACAAATAATAGGAGACATAAGAAGAGCACATTGT
HIV1-CON-XX-Consensus-seed,15,36,1,855,TGCATAAGACCTGGAAATAATACAAGAAGAAGTGTAAGGATAGGACCAGGACAAACATTCTTTACAACAGGACAAATAATAGGAGACATAAGAAGAGCACATTGT
HIV1-CON-XX-Consensus-seed,15,37,2,855,TGCATAAGACCTGGAAATAATACAAGAAGAAGTGTAAGGATAGGACCAGGACAAACATTCTTTACAACAGGACAAATAATAGGAGACATAAGAAGAGCACATTGT
HIV1-CON-XX-Consensus-seed,15,38,1,855,TGCATAAGACCTGGAAATAATACAAGGAGAAGTGTAAGGATAGGACCAGGACAANCATTCTTTACAACAGGACAAATAATAGGAGACATAAGAAGAGCACATTGT
HIV1-CON-XX-Consensus-seed,15,39,1,855,TGTACAAGACCCAACAATAATACAAGAAAANGTATACATATAGGGCCAGGGAGAGCATTTTATGCAACAGGAGAAATAATAGGAGATATAAGGCAAGCACATTGT
HIV1-CON-XX-Consensus-seed,15,40,1,855,TGCATAAGACCTGGAAATAATACAAGAAGAAGTNTANGGATAGGACCAGGACAAACATTCTTTACAACAGGACAAATAATAGGAGACATAAGAAGAGCACATTGT
HIV1-CON-XX-Consensus-seed,15,41,1,855,TGCATAAGACCTGGAAATAATACAAGAAGAAGTNTAAGGATAGGACCAGGACAAACATTCTTTACAACAGGACAAATAATAGGAGACATAAGAAGAGCACATTGT
HIV1-CON-XX-Consensus-seed,15,42,1,855,TGCATAAGACCTGGAAATAATACAAGAAGAAGANTAANGATAGGACCAGGACAANCNTTCTTTACAACAGGACAAATAATAGGAGACATAAGAAGAGCACATTGT
HIV1-CON-XX-Consensus-seed,15,43,1,855,TGCATAAGACCTGGAAATAATACAAGAAGAAGTNTAAGGATAGGACCAGGACAAGCATTCTTTACAACAGGACAAATAATAGGAGACATAAGAAGAGCACATTGT
HIV1-CON-XX-Consensus-seed,15,44,1,855,TGCATAAGACCTNGAAATAATACAAGAAGAAGTNTAAGGATAGGACCANGACAAACATTCTTTACAACAGGACAAATAATAGGAGACATAAGAAGAGCACATTGT
HIV1-CON-XX-Consensus-seed,15,45,1,855,TGCATAAGACCTGGAAATAATACAAGAAGAAGTNTAAGNATAGGACCAGGACAAACATTCTTTACAACAGGACAAATAATAGGAGACATAAGAAGAGCACATTGT
HIV1-CON-XX-Consensus-seed,15,46,1,855,TGCATAAGACCTGGAAATAATACAAGAAGAAGTATAAGGATAGGACCAGGACAAACATTCTTTACAACAGGACAAATAATAGGAGACATAAGAAGAGCACATTGT
HIV1-CON-XX-Consensus-seed,15,47,1,855,TGCATAAGACCTGGAAATAATACAAGAAGANGTNTAAGGATAGGACCAGGACAANCANTNTTTACAACAGGANNAATAATAGGAGACATAAGAAGAGCACATTGT
HIV1-CON-XX-Consensus-seed,15,48,1,855,TGCATAAGACCTGGAAATAATACAAGAAGAAGGGTANGGATAGGACCAGGACAAACATTCTTTACAACAGGNCAAATAATANGAGNCATAAGAAGAGCACATTGT
HIV1-CON-XX-Consensus-seed,15,49,1,855,TGCATAAGACCTGGAAATAATACAAGAAGAAGTGTANGGATAGGACNAGGACAAACATTCTTTACAACAGGACAAATAATAGGAGACATAAGAAGAGCACATTGT
HIV1-CON-XX-Consensus-seed,15,50,1,855,TGCATAAGACCTGGAAATAATACAAGAAGAAGTGTANGGATAGGACCAGGACAAACATTNTNTACAACAGGACAAATAATAGGAGACATAAGAAGAGCACATTGT
HIV1-CON-XX-Consensus-seed,15,51,2,855,TGCATAAGACCTGGAAATAATACAAGAAGAAGTGTANGGATAGGACCAGGACAAACATTCTTTACAACAGGACAAATAATAGGAGACATAAGAAGAGCACATTGT
HIV1-CON-XX-Consensus-seed,15,52,1,855,TGCATAAGACCTGGAAATAATACAAGAAGAAGTGTAAGNATAGGACCAGGACAAACATTCTTTACAACAGGACAAATAATAGGAGACATAAGAAGAGCACATTGT
HIV1-CON-XX-Consensus-seed,15,53,1,855,TGCATAAGACCTGGAAATAATACAAGAAGAAGTGTAAGAATAGGACCAGGACAAACATTCTTTACAACAGGACAAATAATAGGAGACATAAGAAGAGCACATTGT
HIV1-CON-XX-Consensus-seed,15,54,1,855,TGCATAAGACCTGGAAATAATACAAGAAGAAGTGTAAGGATAGGACCAGGACAAACATTCTTTACAACAGGACAAATAATAGGAGACATAAGAAGAGCACATTGT
HIV1-CON-XX-Consensus-seed,15,55,1,855,TGCATAAGACCTGGAAATAATACAAGAAGAAGTGTAAGGATAGGACCAGGACAAACATTCTTTACAACAGGACAAATAATAGGAGACATAAGAAGAGCACATTGT
HIV1-CON-XX-Consensus-seed,15,56,1,855,TGCATAAGACCTGGAAATAATACAAGAAGAAGTGTAAGGATAGGACCAGGACAAACATTCTTTACAACAGGACAAATAATAGGAGACATAAGAAGAGCACATTGT
HIV1-CON-XX-Consensus-seed,15,57,1,855,TGCATAAGACCTGGAAATAATACAAGAAGAAGTGTAAGGATAGGACCAGGACAAACATTCTTTACAACAGGACAAATAATAGGAGACATAAGAAGAGCACATTGT
HIV1-CON-XX-Consensus-seed,15,58,2,855,TGCATAAGACCTGGAAATAATACAAGAAGAAGTGTAAGGATAGGACCAGGACAAACATTCTTTACAACAGGACAAATAATAGGAGACATAAGAAGAGCACATTGT
HIV1-CON-XX-Consensus-seed,15,59,1,855,TGCATAAGACCTGGAAATAATACAAGAAGAAGTGTAAGGATAGGACCAGGACAAACATTCTTTACAACAGGACAAATAATAGGAGACATAAGAAGAGCACATTGT
HIV1-CON-XX-Consensus-seed,15,60,1,855,TGCATAAGACCTGGAAATAATACAAGAAGAAGTGTAAGGATAGGACCAGGACAAACATTCTTTACAACAGGACAAATAATAGGAGACATAAGAAGAGCACATTGT
HIV1-CON-XX-Consensus-seed,15,61,1,855,TGCATAAGACCTGGAAATAATACAAGAAGAAGTGTAAGGATAGGACCAGGACAAACATTCTTTACAACAGGACAAATAATAGGAGACATAAGAAGAGCACATTGT
HIV1-CON-XX-Consensus-seed,15,62,1,855,TGCATAAGACCTGGAAATAATACAAGNNGAAGTGTAAGGATAGGACNAGGACAAACATTCTTTACAACAGGACAAATAATAGGAGACATAAGAAGAGCACATTGT
HIV1-CON-XX-Consensus-seed,15,63,1,855,TGTATAAGACCCNNCNANAANACAAGNANAANNATACGCATAGGANCNGGAGCA-CATTTTATACAACAGAA---ATAATAGNAGATATAAGGAGAGCATATTGT
HIV1-CON-XX-Consensus-seed,15,64,1,855,TGTACAAGACCCAATAACAATACAAGAAAAGGTCTACATATGGGACCAGGAGATGCAGTGTATACAACAG---ATATAATAGGAAATATAAGACAGGCACANTGT
HIV1-CON-XX-Consensus-seed,15,65,8,855,TGTACAAGACCCAATAACAATACAAGAAAAGGTCTACATATGGGACCAGGAGATGCAGTGTATACAACAG---ATATAATAGGAAATATAAGACAGGCACATTGT
HIV1-CON-XX-Consensus-seed,15,66,1,855,TGTACNAGACCCANTAACAATNCNAGAAAAGGTCTACATATGGGACCAGGAGATGCAGTGTATACAACAG---ATATAATAGGAAATATAAGACAGGCACATTGT
HIV1-CON-XX-Consensus-seed,15,67,1,855,TGTGCAAGACCCAATAACAATACAAGAAAAGGTCTACATATGGGACCAGGAGATGCAGTGTATACAACAG---ATATAATAGGAAATATAAGACAGGCACATTGT
HIV1-CON-XX-Consensus-seed,15,68,1,855,TGTACAAGACCCAATAACAATACAAGAAAAGGTCTACATATGGGACCAGGAGANGCAGTGTATACAACAG---ATATAATAGGAAATATAAGACAGGCACATTGT
HIV1-CON-XX-Consensus-seed,15,69,1,855,TGTATAAGACCCAANAACAATACAAGAAAANGTCTACNTATGGGACCAGGAGNAG-ATNNTANNCAACANAA---ATAATAAGAGATGTAAGANANTNACATNNT
HIV1-CON-XX-Consensus-seed,15,70,1,855,TGCATAAGACCTGGAAATAATACAAGAAGAAGTGTAAGGATAGGACCAGGACAAACATTCTTTACAACAGGACAAATAATAGGAGACATAAGAAGAGCACATTGT
HIV1-CON-XX-Consensus-seed,15,71,1,855,TGCATAAGACCTGGAAATAATACAAGAAGAAGTGTAAGGATAGGACCAGGACAACCATTCTTTACAACAGGACAAATAATAGGAGACATAAGAAGAGCACATTGT
HIV1-CON-XX-Consensus-seed,15,72,1,855,TGTATAAGACCCAACAACAATACAAGAAAAAGTATACGCATAGGANCAGGGAGAACATTTTATACAACAGAA---ACAATANGAGATATAAGAGAAN-ATATTGN
HIV1-CON-XX-Consensus-seed,15,73,1,856,GCATAAGACCTGGAAATAATACAAGAAGAAGTGTAAGGATAGGACCAGGACAAACATTCTTTACAACAGGACAAATAATAGGAGACATAAGAAGAGCACACTGT
HIV1-CON-XX-Consensus-seed,15,74,1,856,GNATAAGACCTNNNAATAATACAAGNANAANNNTAAGGATAGGACCAGGNCNNNCATTCNTTACAACAGGACAAATAATAGGAGACATAAGAAGAGCACATTGT
HIV1-CON-XX-Consensus-seed,15,75,1,855,TACATAAGACCTGGAAATAATACAAGAAGAAGTGTAAGGATAGGACCAGGACAAACATTCTTTACAACAGGACAAATAATAGGAGACATAAGAAGAGCACATTGT
HIV1-CON-XX-Consensus-seed,15,76,1,855,TGCACAAGACCCAACAACAATACAAGAAAAAGTATACATATGGGACCAGGGAAAGCATTTTATGCAACAGAA---ATAATAGGAAAGATAAGACAGGCACATTGT
HIV1-CON-XX-Consensus-seed,15,77,1,855,TGCACAAGACCCAACAACAATACAAGAAAAAGTATACATATGGGACCAGGGAAAGCATTTTATGCAACAGAA---ATAATAGGAAAGATAAGACAGGNACATTGT
HIV1-CON-XX-Consensus-seed,15,78,1,855,TGCACAAGACCTGGAAATAATACAAGAAGAAGTGTAAGGNTAGGACCAGGACAAACATNCTTTACAACAGGACAAATAATAGGAGACATAANAAGAGCACATTGT
HIV1-CON-XX-Consensus-seed,15,79,1,855,TGCATAAAACCTGGAAATAATACAAGAAGAAGTGTAAGGATAGGACCAGGNNAAACATTCTTTACAACAGGACAAATAATAGGAGACATAAGAAGAGCACACTGT
HIV1-CON-XX-Consensus-seed,15,80,1,855,TGCATAAGACCCGGAAATAATACAAGAAGGAGTGTAAGGATAGGACCAGGACAAACATTCTTTACAACAGGACAAATAATAGGAGACATAAGAAGAGCACATTGT
HIV1-CON-XX-Consensus-seed,15,81,1,855,TGCATAAGACCTGGAAATAATACAAGAAGAAATGTAAGGATAGGACCAGGACAAACATTCCTTACAACAGGACAAATAATAGGAGACATAAGAAGAGCACATTGT
HIV1-CON-XX-Consensus-seed,15,82,1,855,TGCATAAGACCTGGAAATAATACAAGAAGAAGCGTAAGGATAGGACCAGGACAAACATTCTTTACAACAGGACAAATAATAGGAGACATAAGAAGAGCACATTGT
HIV1-CON-XX-Consensus-seed,15,83,1,855,TGCATAAGACCTGGAAATAATACAAGAAGAAGTGTAAAGATAGGACCAGGACAAACATTCTTTACAACAGGACAAATAATAGGAGACATAAGAAGAGCACATTGT
HIV1-CON-XX-Consensus-seed,15,84,1,855,TGCATAAGACCTGGAAATAATACAAGAAGAAGTGTAAGGATAGGAACAGGACAAACATTCTTTACAACAGGACAAATAATAGGAGACATAAGAAGAGCACATTGT
HIV1-CON-XX-Consensus-seed,15,85,1,855,TGCATAAGACCTGGAAATAATACAAGAAGAAGTGTAAGGATAGGACCAGGACAAACACTCTTTACAACAGGACAAATAATAGGAGACATAAGAAGAGCACATTGT
HIV1-CON-XX-Consensus-seed,15,86,1,855,TGCATAAGACCTGGAAATAATACAAGAAGAAGTGTAAGGATAGGACCAGGACAAACANTCTTTACAACAGGACAAATAATAGGAGACATAAGAAGAGCACATTGT
HIV1-CON-XX-Consensus-seed,15,87,1,855,TGCATAAGACCTGGAAATAATACAAGAAGAAGTGTAAGGATAGGACCAGGACAAACATCCTTTACAACAGGACAAATAATAGGAGACATAAGAAGAGCACATTGT
HIV1-CON-XX-Consensus-seed,15,88,1,855,TGCATAAGACCTGGAAATAATACAAGAAGAAGTGTAAGGATAGGACCAGGACAAACATTCTNTACAACAGGACAAATAATAGGAGACATAAGAAGAGCACATTGT
HIV1-CON-XX-Consensus-seed,15,89,1,855,TGCATAAGACCTGGAAATAATACAAGAAGAAGTGTAAGGATAGGACCAGGACAAACATTCTTTACAACAGGACAAATAANAGGAGACATAAGAAGAGCACATTGT
HIV1-CON-XX-Consensus-seed,15,90,4,855,TGCATAAGACCTGGAAATAATACAAGAAGAAGTGTAAGGATAGGACCAGGACAAACATTCTTTACAACAGGACAAATAATAGGAGACATAAGAAGAGCACACTGT
HIV1-CON-XX-Consensus-seed,15,91,228,855,TGCATAAGACCTGGAAATAATACAAGAAGAAGTGTAAGGATAGGACCAGGACAAACATTCTTTACAACAGGACAAATAATAGGAGACATAAGAAGAGCACATTGT
HIV1-CON-XX-Consensus-seed,15,92,1,855,TGCATAAGACCTGGAAATAATACAAGAAGAAGTGTAAGGATAGGACCAGGACAAACATTCTTTACAACAGGACAAATAATAGGAGACATAAGAAGAGCACGTTGT
HIV1-CON-XX-Consensus-seed,15,93,1,855,TGCATAAGACCTGGAAATAATACAAGAAGAAGTGTAAGGATAGGACCAGGACAAACATTCTTTACAACAGGACAAATAATAGGAGACATAAGAAGAGNACATTGT
HIV1-CON-XX-Consensus-seed,15,94,1,855,TGCATAAGACCTGGAAATAATACAAGAAGAAGTGTAAGGATAGGACCAGGACAAACATTCTTTACAACAGGACAAATAATAGGAGACATAAGAANAGCACATTGT
HIV1-CON-XX-Consensus-seed,15,95,1,855,TGCATAAGACCTGGAAATAATACAAGAAGAAGTGTAAGGATAGGACCAGGACAAACATTCTTTACAACAGGACAAATAATAGGAGACATAGGAAGAGCACATTGT
HIV1-CON-XX-Consensus-seed,15,96,2,855,TGCATAAGACCTGGAAATAATACAAGAAGAAGTGTAAGGATAGGACCAGGACAAACATTCTTTACAACAGGACAAATAATAGGAGACGTAAGAAGAGCACATTGT
HIV1-CON-XX-Consensus-seed,15,97,1,855,TGCATAAGACCTGGAAATAATACAAGAAGAAGTGTAAGGATAGGACCAGGACAAACATTCTTTACAACAGGACAAATAATAGGAGGCATAAGAAGAGCACATTGT
HIV1-CON-XX-Consensus-seed,15,98,1,855,TGCATAAGACCTGGAAATAATACAAGAAGAAGTGTAAGGATAGGACCAGGACAAACATTCTTTACAACAGGACAAATAATAGGANACATAAGAAGAGCACATTGT
HIV1-CON-XX-Consensus-seed,15,99,1,855,TGCATAAGACCTGGAAATAATACAAGAAGAAGTGTAAGGATAGGACCAGGACAAACATTCTTTACAACAGGACAAATAATAGGGGACATAAGAAGAGCACATTGT
HIV1-CON-XX-Consensus-seed,15,100,1,855,TGCATAAGACCTGGAAATAATACAAGAAGAAGTGTAAGGATAGGACCAGGACAAACATTCTTTACAACAGGACAAGTAATAGGAGACATAAGAAGAGCACATTGT
HIV1-CON-XX-Consensus-seed,15,101,1,855,TGCATAAGACCTGGAAATAATACAAGAAGAAGTGTAAGGATAGGACCAGGACAAACATTCTTTACAACAGGACAGATAATAGGAGACATAAGAAGAGCACACTGT
HIV1-CON-XX-Consensus-seed,15,102,1,855,TGCATAAGACCTGGAAATAATACAAGAAGAAGTGTAAGGATAGGACCAGGACAAACATTCTTTACAACAGGACGAATAATAGGAGACATAAGAAGAGCACATTGT
HIV1-CON-XX-Consensus-seed,15,103,1,855,TGCATAAGACCTGGAAATAATACAAGAAGAAGTGTAAGGATAGGACCAGGACAAACATTCTTTACAACAGGANAAATAATAGGAGANATAAGAANAGCANATTGT
HIV1-CON-XX-Consensus-seed,15,104,1,855,TGCATAAGACCTGGAAATAATACAAGAAGAAGTGTAAGGATAGGACCAGGACAAACATTCTTTACAACAGGANAAATAATAGGAGNCATAAGAANAGNACATTGA
HIV1-CON-XX-Consensus-seed,15,105,1,855,TGCATAAGACCTGGAAATAATACAAGAAGAAGTGTAAGGATAGGACCAGGACAAACATTCTTTACAACAGGATAAATAATAGGAGACATAAGAAGAGCACATTGT
HIV1-CON-XX-Consensus-seed,15,106,2,855,TGCATAAGACCTGGAAATAATACAAGAAGAAGTGTAAGGATAGGACCAGGACAAACATTCTTTACAACAGGGCAAATAATAGGAGACATAAGAAGAGCACATTGT
HIV1-CON-XX-Consensus-seed,15,107,1,855,TGCATAAGACCTGGAAATAATACAAGAAGAAGTGTAAGGATAGGACCAGGACAAACATTCTTTACAACAGNACAAATAATANGAGACATAAGAAGAGCACATTGT
HIV1-CON-XX-Consensus-seed,15,108,1,855,TGCATAAGACCTGGAAATAATACAAGAAGAAGTGTAAGGATAGGACCAGGACAAACATTCTTTACAACCGGACAAATAATAGGAGACATAAGAAGAGCACATTGT
HIV1-CON-XX-Consensus-seed,15,109,1,855,TGCATAAGACCTGGAAATAATACAAGAAGAAGTGTAAGGATAGGACCAGGACAAACATTCTTTACAACNGGACAAATAATAGGAGACATAAGAAGAGCACATTGT
HIV1-CON-XX-Consensus-seed,15,110,1,855,TGCATAAGACCTGGAAATAATACAAGAAGAAGTGTAAGGATAGGACCAGGACAAACATTCTTTACAGCAGGACAAATAATAGGAGACATAAGAAGAGCACATTGT
HIV1-CON-XX-Consensus-seed,15,111,1,855,TGCATAAGACCTGGAAATAATACAAGAAGAAGTGTAAGGATAGGACCAGGACAAACATTCTTTGCAACAGGACAAATAATAGGAGACATAAGAAGAGCACATTGT
HIV1-CON-XX-Consensus-seed,15,112,1,855,TGCATAAGACCTGGAAATAATACAAGAAGAAGTGTAAGGATAGGACCAGGACAAGCATTCTTTACAACAGGACAAATAATAGGAGACATAAGAAGAGCACATTGT
HIV1-CON-XX-Consensus-seed,15,113,1,855,TGCATAAGACCTGGAAATAATACAAGAAGAAGTGTAAGGATAGGACCAGGACAAGCATTCTTTACAACAGGACAAATAATAGGAGACATAAGAAGGGCACATTGT
HIV1-CON-XX-Consensus-seed,15,114,1,855,TGCATAAGACCTGGAAATAATACAAGAAGAAGTGTAAGGATAGGACCAGGACAAGCATTCTTTACAACAGGACAAATAATAGGAGACATAAGGAGAGCACATTGT
HIV1-CON-XX-Consensus-seed,15,115,2,855,TGCATAAGACCTGGAAATAATACAAGAAGAAGTGTAAGGATAGGACCAGGACAANCATTCTTTACAACAGGACAAATAATAGGAGACATAAGAAGAGCACATTGT
HIV1-CON-XX-Consensus-seed,15,116,1,855,TGCATAAGACCTGGAAATAATACAAGAAGAAGTGTAAGGATAGGACCAGGACAATCATTCTTTACAACAGGACAAATAATAGGAGACATAAGAAGAGCACATTGT
HIV1-CON-XX-Consensus-seed,15,117,1,855,TGCATAAGACCTGGAAATAATACAAGAAGAAGTGTAAGGATAGGACCAGGACANANATTCTTTACAACAGGACAAATAATAGGAGACATAAGAAGAGCACATTGT
HIV1-CON-XX-Consensus-seed,15,118,1,855,TGCATAAGACCTGGAAATAATACAAGAAGAAGTGTAAGGATAGGACCAGGACATACATTCTTTACAACAGGACAAATAATAGGAGACATAAGAAGAGCACATTGT
HIV1-CON-XX-Consensus-seed,15,119,1,855,TGCATAAGACCTGGAAATAATACAAGAAGAAGTGTAAGGATAGGACCAGGGCAAACATTCTTTACAACAGGACAAATAATAGGAGACATAAGAAGAGCACATTGT
HIV1-CON-XX-Consensus-seed,15,120,1,855,TGCATAAGACCTGGAAATAATACAAGAAGAAGTGTAAGGATAGGACCAGNACAAACANTCTTTACAACAGGACAAATAATAGGAGACATAAGAANAGCACATTGT
HIV1-CON-XX-Consensus-seed,15,121,1,855,TGCATAAGACCTGGAAATAATACAAGAAGAAGTGTAAGGATAGGACCAGNACAAACATTCTTTACAACAGGACAAATAATAGGAGACATAAGAAGAGCACATTGT
HIV1-CON-XX-Consensus-seed,15,122,1,855,TGCATAAGACCTGGAAATAATACAAGAAGAAGTGTAAGGATAGGACCANGACAAACATTCTTTANAACAGGACAAATAATAGGAGACATAAGAAGAGCACATTGT
HIV1-CON-XX-Consensus-seed,15,123,1,855,TGCATAAGACCTGGAAATAATACAAGAAGAAGTGTAAGGATAGGACCATGNCAAACATTCTTTACAACAGGACAAATAATAGGAGACATAAGAAGAGCACATTGT
HIV1-CON-XX-Consensus-seed,15,124,1,855,TGCATAAGACCTGGAAATAATACAAGAAGAAGTGTAAGGATAGGACCGGGACAAACATTCTTTACAACAGGACAAATAATAGGAGACATAAGAAGAGCACATTGT
HIV1-CON-XX-Consensus-seed,15,125,3,855,TGCATAAGACCTGGAAATAATACAAGAAGAAGTGTAAGGATAGGACCNGGACAAACATTCTTTACAACAGGACAAATAATAGGAGACATAAGAAGAGCACATTGT
HIV1-CON-XX-Consensus-seed,15,126,1,855,TGCATAAGACCTGGAAATAATACAAGAAGAAGTGTAAGGATAGGACNNGGACAAACATTCTTTACAACAGGACAAATAATAGGAGACATAAGAAGAGCACATTGT
HIV1-CON-XX-Consensus-seed,15,127,1,855,TGCATAAGACCTGGAAATAATACAAGAAGAAGTGTAAGGATAGGANCAGGACAAACATTCTTTACAACAGGACAAATAATAGGAGACATAAGAAGAGCACATTGT
HIV1-CON-XX-Consensus-seed,15,128,1,855,TGCATAAGACCTGGAAATAATACAAGAAGAAGTGTAAGGATAGGNCCAGGACAAACATTCTTTACAACAGGACAAATAATAGGAGACATAAGAAGAGCACATTGT
HIV1-CON-XX-Consensus-seed,15,129,1,855,TGCATAAGACCTGGAAATAATACAAGAAGAAGTGTAAGGATANGACCAGGACAAACATTCTTTACAACAGGACAAATAATAGGAGACATAAGAAGAGCACATTGT
HIV1-CON-XX-Consensus-seed,15,130,1,855,TGCATAAGACCTGGAAATAATACAAGAAGAAGTGTAAGGATGGGACCAGGACAAACATTCTTTACAACAGGACAAATAATAGGAGACATAAGAAGAGCACATTGT
HIV1-CON-XX-Consensus-seed,15,131,1,855,TGCATAAGACCTGGAAATAATACAAGAAGAAGTGTAAGGATGNGACCANGACAAACATTCTTTACAACAGGACAAATAATAGGAGACATAAGAAGAGCACATTGT
HIV1-CON-XX-Consensus-seed,15,132,3,855,TGCATAAGACCTGGAAATAATACAAGAAGAAGTGTAAGGATNGGACCAGGACAAACATTCTTTACAACAGGACAAATAATAGGAGACATAAGAAGAGCACATTGT
HIV1-CON-XX-Consensus-seed,15,133,1,855,TGCATAAGACCTGGAAATAATACAAGAAGAAGTGTAAGGGTAGGACCAGGACAAACATTCTTTACAACAGGACAAATAATAGGAGACATAAGAAGAGCACATTGT
HIV1-CON-XX-Consensus-seed,15,134,1,855,TGCATAAGACCTGGAAATAATACAAGAAGAAGTGTAAGGTTAGGACCAGGACAAACATTCTTTACAACAGGACAAATAATAGGAGACATAAGAAGAGCACATTGT
HIV1-CON-XX-Consensus-seed,15,135,1,855,TGCATAAGACCTGGAAATAATACAAGAAGAAGTGTAAGTATAGGACCAGGACAAACATTNTNTACAACAGGANAAATAATAGGAGACATAAGAANAGCACATTGT
HIV1-CON-XX-Consensus-seed,15,136,2,855,TGCATAAGACCTGGAAATAATACAAGAAGAAGTGTAGGGATAGGACCAGGACAAACATTCTTTACAACAGGACAAATAATAGGAGACATAAGAAGAGCACATTGT
HIV1-CON-XX-Consensus-seed,15,137,1,855,TGCATAAGACCTGGAAATAATACAAGAAGAAGTGTANGGATAGGACCAGGACAAACATTCTTTACAACAGGACAAATAATAGGAGACATAAGAAGAGCACATTGT
HIV1-CON-XX-Consensus-seed,15,138,1,855,TGCATAAGACCTGGAAATAATACAAGAAGAAGTGTANGGATAGGACCAGGACAAACATTCTTTACAACANNNCAAATAATAGGAGACATAAGAAGAGCANATTGT
HIV1-CON-XX-Consensus-seed,15,139,1,855,TGCATAAGACCTGGAAATAATACAAGAAGAAGTGTNAGGATAGGACCAGGACAAACATTCTTTACAACAGGACAAATAATAGGAGACATAAGAAGAGCACATTGT
HIV1-CON-XX-Consensus-seed,15,140,1,855,TGCATAAGACCTGGAAATAATACAAGAAGAANTGTAAGGATAGGACCAGGACAAACATTCTTTACAACAGGACAAATAATAGGAGACATAAGAAGAGCACATTGT
HIV1-CON-XX-Consensus-seed,15,141,1,855,TGCATAAGACCTGGAAATAATACAAGAAGAANTGTAAGGATAGGACCAGGACAAACATTCTTTACAANAGGACAAATAATAGGAGACATAAGAAGAGCACATTGT
HIV1-CON-XX-Consensus-seed,15,142,1,855,TGCATAAGACCTGGAAATAATACAAGAAGAGGTGTAAGGATAGGACCAGGACAAGCATTCTTTACAACAGGACAAATAATAGGAGACATAAGAAGAGCACATTGT
HIV1-CON-XX-Consensus-seed,15,143,1,855,TGCATAAGACCTGGAAATAATACAAGAAGAGGTGTAAGGATAGGACCAGGACAANCATTCTTTACAACAGGACAAATAATAGGAGACATAAGAAGAGCACATTGT
HIV1-CON-XX-Consensus-seed,15,144,1,855,TGCATAAGACCTGGAAATAATACAAGAAGANGTGTAAGGATAGGACCAGGACAAACATTCTTTACAACAGGACAAATAATAGGAGACATAAGAAGAGCACATTGT
HIV1-CON-XX-Consensus-seed,15,145,1,855,TGCATAAGACCTGGAAATAATACAAGAAGANGTGTAAGGATAGGGCCAGGACAAACATTCTTTACAACAGGACAAATAATAGGAGACATAAGAAGAGCACATTGT
HIV1-CON-XX-Consensus-seed,15,146,1,855,TGCATAAGACCTGGAAATAATACAAGAAGCAGTGTAAGGATAGGATCAGGACAAACATTCTTTACAACAGGACAAATAATAGGAGACATAAGAAGAGCACATTGT
HIV1-CON-XX-Consensus-seed,15,147,1,855,TGCATAAGACCTGGAAATAATACAAGAAGGAGTGTAAGGATAGGACCAGGACAAACATTCTTTACAACAGGACAAATAATAGGAGACATAAGAAGAGCACATTGT
HIV1-CON-XX-Consensus-seed,15,148,1,855,TGCATAAGACCTGGAAATAATACAAGAAGNAGTGTAAGGATAGGACCAGGACAAACATTCTTTACAACAGGACAAATAATAGGAGACATAAGAAGAGCACATTGT
HIV1-CON-XX-Consensus-seed,15,149,1,855,TGCATAAGACCTGGAAATAATACAAGAAGNNGTGTAANGATAGGACCAGGACAANCATTCTTTACAACAGGACAAATAATAGGAGACATAAGAAGAGCACATTGT
HIV1-CON-XX-Consensus-seed,15,150,1,855,TGCATAAGACCTGGAAATAATACAAGAANAAGTGTAAGGATAGGACCAGGACAAACATTCTTTACAACAGGACAAATAATAGGAGACATAAGAAGAGCACATTGT
HIV1-CON-XX-Consensus-seed,15,151,1,855,TGCATAAGACCTGGAAATAATACAAGANGAAGTGTAAGGATAGGACCAGGACAAACATTCTTTACAACAGGACAAATAATAGGAGACATAAGAAGAGCACATTGT
HIV1-CON-XX-Consensus-seed,15,152,1,855,TGCATAAGACCTGGAAATAATACAAGANGAAGTGTAAGGNTAGGACCNGGACAAACATTCTTTACAACAGGACAAATAATAGGAGACATAAGAAGAGCACATTGT
HIV1-CON-XX-Consensus-seed,15,153,1,855,TGCATAAGACCTGGAAATAATACAAGANNANGTGTAAGGATAGGACCAGGACANACATTCTTTANAACAGGACAAATAATAGGAGACATAAGAAGAGCACATTGT
HIV1-CON-XX-Consensus-seed,15,154,1,855,TGCATAAGACCTGGAAATAATACAAGGAGAAGTGTAAGGATAGGACCAGGACAAACATTCTTTACAACAGGACAAATAATAGGAGACATAAGAAGAGCACATTGT
HIV1-CON-XX-Consensus-seed,15,155,1,855,TGCATAAGACCTGGAAATAATACAAGNAGAAGTGTAAGGATAGGANCAGGACAAACATTCTTTACAACAGGACAAATAATAGGAGACATAAGAAGAGCACATTGT
HIV1-CON-XX-Consensus-seed,15,156,1,855,TGCATAAGACCTGGAAATAATACAAGNAGAAGTGTAAGGATAGNACCAGGACAAACATTCTTTACAACAGGACAAATAATAGGAGACATAAGAAGAGCACATTGT
HIV1-CON-XX-Consensus-seed,15,157,1,855,TGCATAAGACCTGGAAATAATACAAGNAGANGTGTAAGGATAGNACNAGGNCAAACATTCTTTACAACAGGACAAATAATAGGAGACATAAGAAGAGCACNCTGT
HIV1-CON-XX-Consensus-seed,15,158,1,855,TGCATAAGACCTGGAAATAATACAAGNANAANTGTAAGGATAGGACCAGGACAAACATNCTTTACAACAGGACAAATAATAGGAGACATAAGAAGAGCACATTGT
HIV1-CON-XX-Consensus-seed,15,159,1,855,TGCATAAGACCTGGAAATAATACAANAAGAAGTGTAAGGATAGGACCAGGACAAACATTCTTTACAACAGGACAAATAATAGGAGACATAAGAAGAGCACATTGT
HIV1-CON-XX-Consensus-seed,15,160,1,855,TGCATAAGACCTGGAAATAATACAATAAGCAGTGTACGNATAGGACCAGGACAAACATTNTTTACAACAGGACAAATAATAGGAGANATAAGAANAGCACATTGT
HIV1-CON-XX-Consensus-seed,15,161,1,855,TGCATAAGACCTGGCAATAATACAAGAAGAAGTGTAAGGATNGGACNAGGACAAACNTTNTTNACANCANGANNANTAATANGAGANATAANAAGAGNACAATAT
HIV1-CON-XX-Consensus-seed,15,162,1,855,TGCATAAGACCTGGCAATAATACAAGAAGAAGTGTANGGATAGGACCAGGACNAACATTCTTTACAACAGGACAAATAATAGGANACATAAGAANAGCACATNGT
HIV1-CON-XX-Consensus-seed,15,163,1,855,TGCATAAGACCTGGNAATAATACAAGAAGAAGTGTAAGGATAGGACCAGGACAAACATTCTTTACAACAGGACAAATAATAGGAGACATAAGAAGAGCACATTGT
HIV1-CON-XX-Consensus-seed,15,164,1,855,TGCATAAGACCTGGNAATAATACAAGAANAAGTGTAAGGATAGGACCAGGACAAACATTCTTTACAACAGGACAAATAAAAGGAGACATAAGAAGAGCACATTGT
HIV1-CON-XX-Consensus-seed,15,165,1,855,TGCATAAGACCTGNAAATAATACAAGAAGAAGAGTAAGGATAGGACCAGGNNAANCATTCTTTACAACAGGACAAATAATAGGAGACATNAGAAGAGCACATTGT
HIV1-CON-XX-Consensus-seed,15,166,1,855,TGCATAAGACCTGNAAATAATACAAGAAGAAGTGTAAGGATAGGACCAGGACAAACATTCTTTACAACAGGANAAATAATAGGAGACATAAGAAGAGCACATTGT
HIV1-CON-XX-Consensus-seed,15,167,1,855,TGCATAAGACCTGNAAATAATACAAGAGGTANTGTAAGGNTAGNACCNGTACAANNATTCNTTACAACAGNANAAATAATAGGAGANATAANAAGAGCACATTGT
HIV1-CON-XX-Consensus-seed,15,168,1,855,TGCATAAGACCTGNNAATAATACAAGAAGAAGTGTAAGGATAGGACCAGGACAAACATTCTTTACAACAGGACAAATAATAGGAGACATAAGAAGAGCACATTGT
HIV1-CON-XX-Consensus-seed,15,169,1,855,TGCATAAGACCTNNNAATAATACAAGAAGAAGTGTAAGGATAGGNCCAGGACAAACATTCTTTACAACAGGACAAATAATAGGAGACATAAGAAGAGCACATTGT
HIV1-CON-XX-Consensus-seed,15,170,1,855,TGCATAAGACNTGGAAATAATACAAGAGGAANTGCAAGGATAGNTCCAGNACAAACATTCTTTACAACAGGACAAATAGTAGGAGACATAAGAAGAGCACATTGT
HIV1-CON-XX-Consensus-seed,15,171,1,855,TGCATAAGACNTGNAAATAATACAAGAAGAAGTGTAAGGATAGGACCAGGACAAACATTCTTTACAACAGGACAAATAATAGGAGACATAAGAAGAGCACATTGT
HIV1-CON-XX-Consensus-seed,15,172,1,855,TGCATAAGACNTGNNAATAATACAAGNAGANGTGTANGGATAGGACCAGGANAAACATTCTTTACAACAGGACAAATAATANNAGNCATAAGAAGAGCACATTGT
HIV1-CON-XX-Consensus-seed,15,173,1,855,TGCATAAGACNTGNNAATAATATAAGAAGAANTGTAAGGATAGGTCCAGNACAAACATTCTTTACAACAGGACAAATAATAGGAGNCATAAGAAGAGCACATTGT
HIV1-CON-XX-Consensus-seed,15,174,1,855,TGCATAAGACNTNGAAATAATACAAGAAGAANTGTANGGATAGNACCAGGACAAACATTCTTTACAACAGGACAAATAATAGGAGACATAAGAAGAGCACACTGT
HIV1-CON-XX-Consensus-seed,15,175,1,855,TGCATAGGACCTGGAAATAATACAAGAAGAAGTGTAAGGATAGGACCAGGACAAACATTCTNTACAACAGGACAAATAATAGGAGACATAAGAAGAGCACATTGT
HIV1-CON-XX-Consensus-seed,15,176,1,855,TGCATAGGACCTGGAAATAATACAAGAAGAAGTGTAAGGATAGGACCAGGACAAACATTCTTTACAACAGGACAAATAATAGGAGACATAAGAAGAGCACATTGT
HIV1-CON-XX-Consensus-seed,15,177,1,855,TGCATAGGACCTGGAAATAATACAAGAAGAAGTGTAAGGATAGGATCAGGACAAACATTCTTTACAACAGGACAAATAATAGGAGACATAAGAAGAGCACATTGT
HIV1-CON-XX-Consensus-seed,15,178,1,855,TGCATGAGACCTGGAAATAATACAAGAAGAAGTGTAAGGATAGGACCAGGACAAACATTCTTTACAACAGGACAAATAATAGGAGACATAAGAAGAGCACATTGT
HIV1-CON-XX-Consensus-seed,15,179,1,855,TGCGTAAGACCTGGAAATAATACAAGAAGAAGTGTAAGGATAGGACCAGGACAAACATTCTTTACAACAGGACAAATAATAGGAGACATAAGAAGAGCACATTGT
HIV1-CON-XX-Consensus-seed,15,180,1,855,TGTACAAGACCCAACAATAATACAAGAAAAGGTATACATATAGGGCCAGGGAGAGCATTTTATGCAACAGGAGAAATAATAGGAAAGATAAGACAGGCACATTGT
HIV1-CON-XX-Consensus-seed,15,181,1,855,TGTACAAGACCCAACAATAATACAAGAAGAAGTATAAACNTAGGACCAGGGAGAGCATTTTATGCAACAGGAGAAATAATAGGAAATATAAGACAAGCACATTGT
HIV1-CON-XX-Consensus-seed,15,182,2,855,TGTACAAGACCCAACAATAATACAAGAAGAAGTATAACCATAGGACCAGGGAGAGCATTTTATGCAACAGGAGGAATAATAGGAGATATAAAACAAGCACATTGT
HIV1-CON-XX-Consensus-seed,15,183,1,855,TGTACAAGACCCAACAATAATACAAGAAGAAGTGTAACCATAGGACCAGGGAGAGCATTTTATGCAACAGGAGGAATAATAGGAGATATAAAACAAGCACATTGT
HIV1-CON-XX-Consensus-seed,15,184,1,855,TGTACAAGACCCAACAATAATACANGAAGAAGTATAACCATAGGACCAGGGAGAGCATTTTATGCAACAGGAGGAATAATAGGAGATATAAAACAAGCACATTGT
HIV1-CON-XX-Consensus-seed,15,185,1,855,TGTACAAGACCCAATAACAATACAAGAAAAGGTCTACATATGGGACCAGGGAAAGTATTTTATACAACAG---ATATAATAGGAAATATAAGACAGGCACATTGT
HIV1-CON-XX-Consensus-seed,15,186,1,855,TGTACAAGACCCGACAATAATACAATAAAAGGTNTACATATAGGNNCAGGGANAACATTTTATNCAANAGGAGAAATAATAGGAGATATAAGNAAAGCACANTGT
HIV1-CON-XX-Consensus-seed,15,187,1,855,TGTACAAGACCCGCCAACAATACAATAAAAAGTGTACATATGGGATCAGGGAAAACATTTTATGCAAGAGGACAAATAATAGGAGATATAAGAAAAGCACACTGT
HIV1-CON-XX-Consensus-seed,15,188,1,855,TGTACAAGACCCGCCAACAATACAATAAAAAGTGTACATATGGGATCAGGGAAAACATTTTATGCAAGAGGACAAATAATAGGAGATATAAGGAAAGCACACTGT
HIV1-CON-XX-Consensus-seed,15,189,1,855,TGTACAAGACCCGGCNACAATACAATAAAAAGTGTACATATGGGATCAGGGAAAACATTTTATGCAAGAGGACAAATAATAGGAGNTATAAGACAAGCACACTGN
HIV1-CON-XX-Consensus-seed,15,190,1,855,TGTACAAGACCCGNCAACAATACAATAAAAAGTATACNTATAGGATCAGGGAAAACATTTTATGCAAGAGGACNAATAATAGGAGATATAAGANAAGNACACTGT
HIV1-CON-XX-Consensus-seed,15,191,2,855,TGTACCAGGCCTAACAACAATACAAGAAGAAGTATGCATCTAGGACCAGGAAGCACATTCTATGCACACGGTGACATAATAGGGGATATAAGACAAGCACATTGT
HIV1-CON-XX-Consensus-seed,15,192,1,855,TGTACCAGGCCTAACAANAATACAAGAAGAAGTATGCATCTAGGACCAGGAAGCACATTCTATGCACACGGTGACATAATAGGGGATATACGACAAGCACATTGT
HIV1-CON-XX-Consensus-seed,15,193,1,855,TGTATAAGACCCAACAACAATACAAGAAAAAGTATACGCATAGGACCAGGAAGCACATTTTATACAACAGAA---ACAATAGGAGATATAAGGAGAGCATATTGT
HIV1-CON-XX-Consensus-seed,15,194,1,855,TGTATAAGACCCAACAACAATACAAGAAAAAGTATACGCATAGGACCAGGGAGCACATTTTATACAACAGAA---ACAATAGGAGATATAAGGAGAGCATATTGT
HIV1-CON-XX-Consensus-seed,15,195,1,855,TGTATAAGACCCAACAACAATACAAGAAAAAGTATACGCATAGGACCAGGGAGCACATTTTATACAACAGAA---ATAATAGGAGATATAAGGAGAGCATATTGT
HIV1-CON-XX-Consensus-seed,15,196,4,855,TGTATAAGACCCAACAACAATACAAGAAGAAGTATACGCATAGGACCAGGGAGCACATTTTATACAACAGAA---ATAATAGGAGATATAAGGAAAGCACATTGT
HIV1-CON-XX-Consensus-seed,15,197,1,855,TGTATAAGACCCAACAACAATACAAGAAGAAGTATACGCATAGGACCAGGGAGCACATTTTATACAACAGAA---ATAATAGGAGATATAAGGAGAGCATATTGT
HIV1-CON-XX-Consensus-seed,15,198,1,855,TGTATAAGACCCAACAACAATACAAGAAGAAGTATACGCATAGGACCAGGGAGNNCATTTTATACAACAGAA---ATAATAGGAGATATAAGGAAAGCACATTGT
HIV1-CON-XX-Consensus-seed,15,199,1,855,TGTATAAGACCCAACAACAATACAAGAAGAAGTATACGCATAGGANCAGGGAGCACATTTTATACAACAGAA---ATAATAGGAGATATAAGGAGAGCATATTGT
HIV1-CON-XX-Consensus-seed,15,200,1,855,TGTATAAGACCCAACAACAATACAAGAAGAAGTATACGCATNGGACCAGGGAGCACATTTTATACAACAGAA---ATAATAGGAGATATAAGGAAAGCACATTGT
HIV1-CON-XX-Consensus-seed,15,201,1,855,TGTATAAGACCCAACAACANTACAAGNAAAAGTATNCGCATAGGACCAGGGAGCACATTTTATACAACAGAA---ACAATAGGAGATATAAGGAGAGCATATTGT
HIV1-CON-XX-Consensus-seed,15,202,1,855,TGTATAAGACCCAGCAACAATACAAGAAGAAGTATACGCATAGGACCAGGGAGAGCATTTTATGCAACAGGAGAAATAATAGGAAATATAAGACAAGCACATTGT
HIV1-CON-XX-Consensus-seed,15,203,1,855,TGTATAAGACCCAGCAACAATACAAGAAGAAGTATACGCATAGGACCAGGGAGCACATTTTATACAACAGAA---ACAATAGGAGATATAAGGAGAGCATATTGT
HIV1-CON-XX-Consensus-seed,15,204,1,855,TGTATAAGACCCAGCAACAATACAAGAAGAAGTATACGCATAGGACCAGGGAGCACATTTTATACAACAGAA---ATAATAGGAGATATAAGGAAAGCACATTGT
HIV1-CON-XX-Consensus-seed,15,205,11,855,TGTATAAGACCCAGCAACAATACAAGAAGAAGTATACGCATAGGACCAGGGAGCACATTTTATACAACAGAA---ATAATAGGAGATATAAGGAGAGCATATTGT
HIV1-CON-XX-Consensus-seed,15,206,1,855,TGTATAAGACCCAGCAACAATACAAGAAGAAGTATACGCATAGGACCAGGGAGCACATTTTATACAACAGAA---ATAATAGGAGATATAAGGGAAGCACATTGT
HIV1-CON-XX-Consensus-seed,15,207,1,855,TGTATAAGACCCAGCAACAATACAAGAAGNAGTATACGCATAGGACCAGGGAGCACATTTTATACAACAGAA---ATAATAGGAGATATAAGGAGAGCATATTGT
HIV1-CON-XX-Consensus-seed,15,208,1,855,TGTATAAGACCCAGCAACAATACAATAAGAAGTGTACGCATAGGANCAGGGAAAACATTTTATACAACAGNAAAAATAATAGGAGATATAANAAAAGCACNNTGT
HIV1-CON-XX-Consensus-seed,15,209,1,855,TGTATAAGACCCAGCNACAATACAAGAAGAAGTATACGCATAGGACCAGGGAGCACATTTTATACAACAGAA---ATAATAGGAGATATAAGGAGAGCATATTGT
HIV1-CON-XX-Consensus-seed,15,210,1,855,TGTATAAGACCCNACAACAATACAAGAAAAAGTATACGNATAGGACCAGGGANNACATTTTATNCAANAGAANN---AATANGAGATATAAGNAAAACACANTGT
HIV1-CON-XX-Consensus-seed,15,211,1,855,TGTATAAGACCCNACAACAATACAATAAAAAGTATACANATNGGACCAGGGAGCACATTTTATACAANAGAA---ACAATANGAGAAGNAAGNAGAGAAGANTNT
HIV1-CON-XX-Consensus-seed,15,212,1,855,TGTATAAGACCCNGCAACAATACAAGAAGAAGTATACNCATAGGANCAGGGAGAACATTTTATACAACAGAA---ATAATANGAGATANAAGGAGAGCATANTNT
HIV1-CON-XX-Consensus-seed,15,213,1,855,TGTATAAGACCNAGCAACAATACAAGAAGAAGTATGCGNNTAGGACCAGGNAGNACATTTTATACAANAG---AGATAATANGAGANAANAGGAAAAAANATNNT
